Date,Avg,H1,H2,H3,H4,H5,H6,H7,H8,H9,H10,H11,H12,H13,H14,H15,H16,H17,H18,H19,H20,H21,H22,H23,H24
2026/8/4,34790.79167,30998,29243,27947,27627,27300,27646,28431,32872,36801,37346,36721,36705,36536,37177,38060,39508,39861,40332,40835,39819,38930,37397,34885,32002
2026/8/3,35679.04167,30101,28346,27227,26690,26442,26719,28147,33215,37319,37885,38198,37807,37704,38594,40312,41673,42696,43089,43203,42125,40754,38955,36054,33042
2026/8/2,32925.95833,30539,28503,26996,25764,24990,24768,24594,27614,32330,32868,33678,33927,33391,34047,35644,37619,38806,40235,40997,40158,39017,37263,34677,31798
2026/8/1,33087.66667,30760,29148,27331,26041,25420,25318,25216,28274,32750,33884,33636,33706,33868,34093,34677,37140,38768,40298,40730,39961,38761,37330,34713,32281
2026/7/31,34212.33333,30212,28406,27328,26398,26221,26278,27089,31355,35579,35985,36422,35868,35439,35335,36813,39007,40131,41008,41369,40592,38998,37542,35157,32564
2026/7/30,33724.08333,29963,28543,27346,26412,26180,26589,27327,31458,34987,35542,35602,35210,34387,34625,36067,37757,39136,40018,40341,39995,38575,36988,34404,31926
2026/7/29,32980.33333,30192,28646,27554,26984,26268,26176,26915,30587,33876,34360,34083,34340,33622,33334,34174,35473,36943,38847,39583,39156,37977,36634,34219,31585
2026/7/28,32968.91667,29737,28345,27316,26637,26029,26235,26972,31408,34959,35083,35351,34055,32576,32412,33229,34865,36895,38925,39798,39161,38019,36708,34299,32240
2026/7/27,33501,29058,27578,27271,26904,26787,26530,27421,32438,35840,36548,36678,35486,33800,33711,34879,36072,37438,39072,40082,39448,38216,36807,34448,31512
2026/7/26,31087.66667,29451,27958,26500,25704,25703,25078,24748,27340,31352,32382,32100,32009,31549,30459,31119,32933,33505,35744,37538,37329,36448,35411,33092,30652
2026/7/25,32137.5,30736,29020,27641,26629,25833,25669,26064,28613,32640,33078,33446,32703,32153,32395,33751,35474,36459,37527,37984,37490,36507,35302,33150,31036
2026/7/24,34438.5,31397,29500,28258,27479,26889,27324,28989,33240,35207,35955,36202,35813,35023,35686,36940,38413,39458,40526,40500,39641,38485,37456,35444,32699
2026/7/23,34164.125,30454,28932,27676,26785,26182,26470,27117,31909,35294,35924,35298,34259,34289,34761,35886,37908,39039,41103,41245,40618,40003,39192,36175,33420
2026/7/22,34277.75,32655,30383,29260,28195,27505,27385,28197,31660,34712,36358,37217,36791,36467,36320,36206,37301,37642,39009,39313,38732,37744,36908,34584,32122
2026/7/21,34938.58333,30297,28977,27422,26877,26899,27137,27381,30000,31595,35146,37112,37690,39156,38426,38317,39246,40935,41599,41971,41519,40488,39327,36672,34337
2026/7/20,33119.54167,28601,26804,25894,25692,25544,26027,26981,28844,31194,33474,34982,35853,36518,37420,38191,38827,38730,38703,38039,37706,37352,36755,34699,32039
2026/7/19,30476.66667,28550,27044,25643,24668,24117,23736,23608,26080,28910,30225,30694,31085,31981,32491,32331,33466,34682,36034,36705,36243,35788,34692,32445,30222
2026/7/18,30936.16667,29326,27788,26484,25460,24962,24864,25123,28460,32422,33180,32757,31907,32003,31736,32143,33183,33369,34750,35730,35621,34903,34106,32192,29999
2026/7/17,32366.29167,30205,28152,26693,25971,25862,26300,26908,28997,31973,33851,34582,34505,34423,35218,34842,35800,36541,36825,37277,36862,35984,35059,33038,30923
2026/7/16,33826.25,31774,29567,28231,27210,26659,26945,28197,31085,33187,34215,34742,33902,34947,35734,35928,39162,38930,40070,40024,39270,38245,37039,34744,32023
2026/7/15,36026.79167,31395,29535,28368,27678,27232,27297,28302,33094,36940,37735,37054,37317,38244,39210,40380,41544,42179,42861,43429,42857,41314,39747,36965,33966
2026/7/14,34890.125,29966,28198,26817,25977,25763,26365,27682,31068,34038,34988,36693,37522,38137,38184,39127,40029,40888,41986,42441,41977,40437,39219,36438,33423
2026/7/13,32223.08333,27595,26336,25390,25262,25056,25664,27041,28713,29833,31191,33584,34359,35352,36770,37590,37970,37110,37432,37463,37159,36287,35738,33378,31081
2026/7/12,28768.79167,27280,25775,24470,23664,23306,23186,23971,25639,26690,27614,29772,30943,30820,31275,31259,31289,31148,31948,32545,32838,32731,32576,30871,28841
2026/7/11,28946.875,27850,26211,24848,23860,23336,23452,24133,27810,29500,30930,30616,29332,29028,28575,29684,30991,32258,33166,33185,32746,32343,32022,30283,28566
2026/7/10,30854.70833,28278,26544,25133,24252,24253,24890,25928,29640,32704,33372,33283,32393,32744,31982,32657,32691,34056,34919,35552,35421,34653,33854,31910,29404
2026/7/9,30968.41667,27668,25997,24752,24184,23946,24418,25758,30103,33598,33951,32529,31968,32107,31192,31823,32563,34760,36449,36688,36223,35501,34710,32450,29904
2026/7/8,30259.08333,27476,25996,25371,24778,24140,24573,26066,29498,32297,32607,31688,30761,29937,29542,30397,31988,33190,34913,35860,35563,34820,33926,31608,29223
2026/7/7,29868.58333,27168,25437,24200,23357,23488,24176,25118,28295,31703,31605,31968,31478,30260,30863,31709,32053,32788,34175,34813,34748,34099,33319,31252,28774
2026/7/6,29640.79167,25772,24291,23337,22629,22666,23477,24783,27929,31486,31988,32259,31727,31005,30211,30922,32168,33440,34541,34988,34650,34077,33235,31129,28669
2026/7/5,27162.91667,25968,24642,23330,22462,22097,22109,21980,23602,26971,27500,27648,28253,28142,28326,27890,28442,29548,30998,31806,31790,31315,30928,29002,27161
2026/7/4,26964.29167,26095,24515,23360,22546,22184,22204,22602,26121,29177,29198,29418,29050,26948,26003,26100,27570,28146,29438,30687,30724,30142,29286,28420,27209
2026/7/3,27173.45833,25755,24286,23193,22496,22213,22536,22789,25981,28506,28636,28201,27280,27115,26571,26823,27908,29425,30505,31304,31880,31482,30791,29250,27237
2026/7/2,27695.54167,25536,24299,23155,22622,22745,23592,24707,28043,29011,29633,29265,29611,28989,28354,27721,28603,28815,30202,30711,31228,31284,30762,28904,26901
2026/7/1,27280.16667,25482,24259,23380,22797,22785,23415,24540,26904,28426,28617,28589,28876,28557,28261,28097,28468,28427,29244,29957,30078,30391,30109,28546,26519
2026/6/30,27567.04167,25336,23870,22861,22497,22559,23238,24690,27657,29048,29643,29516,29629,28962,28875,28725,29722,29412,29876,30030,30278,30153,30038,28597,26397
2026/6/29,27009.91667,23919,22758,22077,21613,21672,22664,24024,27054,28938,29555,29168,29136,28677,28589,27566,27526,28384,30021,30089,30205,30205,29921,28171,26306
2026/6/28,23698.79167,24116,22842,21859,21347,21012,20837,21031,22734,24073,24857,24964,24300,23269,22270,22241,21483,22677,24639,26414,26878,27340,27227,25881,24480
2026/6/27,25240.875,25560,24341,23444,22627,22387,22438,22643,24178,25929,26703,26714,26736,25717,26025,25023,24121,24316,26472,27243,27390,27569,27348,26166,24691
2026/6/26,27806.45833,26154,24765,23732,23152,23126,23760,24616,26409,28802,29738,29546,29464,30304,29813,29237,29563,30137,30429,30314,29964,29894,29627,28220,26589
2026/6/25,28747.25,26617,25170,24076,23485,23614,24347,24957,27831,30453,30783,30586,29826,29959,30040,29721,30621,31791,32122,32310,32105,31735,31142,29276,27367
2026/6/24,28749.625,27113,25450,24420,23650,23486,24346,25142,26637,27995,28390,29160,28707,29452,28960,29738,31483,32596,33930,33771,33035,32290,31971,30107,28162
2026/6/23,29038,26095,24637,23705,23261,23198,23900,25359,29295,31364,31232,31090,29636,29063,29811,30532,30976,31712,32045,32834,33173,32795,32347,30463,28389
2026/6/22,28078.75,24334,23046,22128,21855,22035,22838,24788,29913,31514,31197,29973,28822,27665,27930,27953,28858,30201,31973,32756,32823,32436,31724,29664,27464
2026/6/21,24327.5,24222,22892,21845,21125,20791,20664,21305,24321,25988,25592,24837,23461,22983,22756,22197,22646,24497,26533,27889,28503,28592,28343,26815,25063
2026/6/20,24747.95833,25112,23743,22660,22016,21713,21858,22398,24236,25297,24924,24572,24137,24064,24494,24011,24262,25018,26379,27596,27823,27956,27741,26504,25437
2026/6/19,27140.41667,25874,24589,23455,22808,22937,23649,24560,27072,29015,28828,27960,28466,28275,29061,29266,28579,28123,28143,28753,29288,29436,29194,27823,26216
2026/6/18,28358.95833,26887,25334,24247,23732,23624,24126,25321,28209,30557,30950,30730,29791,30207,29830,29423,29864,30122,30534,30501,30485,30454,30245,28554,26888
2026/6/17,29652.70833,27974,26386,25011,24452,24179,24805,25960,28502,31022,30935,31386,31963,31371,31748,31613,31276,31777,32928,33213,32861,32510,31817,30132,27844
2026/6/16,30475.08333,27658,26190,25088,24241,23885,24719,26246,30570,33698,34509,33377,32990,31636,30469,30264,30868,32216,33866,35047,34962,34473,33742,31461,29227
2026/6/15,30670.45833,26528,24796,23989,23379,23380,23831,25596,30388,33826,34241,34076,33126,32250,31938,32267,32680,33485,35222,36027,35587,34710,33798,31742,29229
2026/6/14,27965.20833,27074,25684,24058,23065,22504,22440,23291,26185,29239,29147,28946,28387,27414,27279,27607,28563,30211,31761,33128,33256,32604,31872,29795,27655
2026/6/13,29855.625,28888,26998,25701,24412,23975,23758,24020,27066,30951,31472,31251,31499,30729,30379,31323,32406,33459,34397,34690,34419,33342,32409,30481,28510
2026/6/12,32004.91667,29008,27205,25762,24858,24497,25000,25774,29359,32662,33150,33658,33346,33542,33986,34826,36016,36664,37664,38378,37656,36365,35111,33014,30617
2026/6/11,31916.375,28079,26345,25072,24306,24201,24823,26283,30355,33978,34149,34197,33840,34111,33921,34382,35642,35777,36703,37364,37242,36508,35254,32976,30485
2026/6/10,30251.25,26462,25145,23902,23291,23276,23859,25338,28289,30666,31312,31750,31838,31548,32319,32618,33102,34343,35583,35886,35505,34852,33975,31721,29450
2026/6/9,27648.95833,24852,23783,22797,22269,22248,23179,24140,26885,28445,27982,27895,28414,28901,29509,29138,29439,29597,30929,31521,31853,31584,31225,29489,27501
2026/6/8,26286.875,23489,22461,21946,21251,21363,22321,23509,26266,28144,27602,27487,27393,28568,28446,27326,27098,28102,28719,28866,29012,29239,28968,27470,25839
2026/6/7,23666.54167,23973,22844,22045,21306,21029,21130,21486,22388,23897,23060,22262,22955,23091,23249,22593,22273,23082,25915,27142,27315,27564,27305,25966,24127
2026/6/6,25309.5,26273,24635,23647,22583,22334,22370,22569,24394,26389,26435,26205,25070,26186,26198,26029,24788,24763,25919,27366,27486,27627,27343,26193,24626
2026/6/5,28583,26452,25085,24442,23519,23310,23846,24827,26891,29867,29666,30335,30843,30683,30706,30487,30244,30675,31231,32099,32080,31448,30833,29211,27212
2026/6/4,28212.75,26046,24640,23582,22744,22991,23671,24915,27787,30688,30203,30024,29057,28730,27945,27799,29159,30403,31247,32280,32442,32131,31448,29579,27595
2026/6/3,27789.91667,25293,24058,22943,22462,22482,23178,24183,26399,28958,27883,27549,27437,28074,28860,29762,30195,30634,31430,32025,32337,32179,31700,29296,27641
2026/6/2,26996,25243,23808,22754,22497,22289,23044,24420,26603,28937,28181,27675,27953,27172,27746,27134,27461,28113,29358,30634,30829,31158,30318,28236,26341
2026/6/1,26700.66667,23493,22296,21348,20864,21021,21937,23169,25917,27867,28183,27677,28048,27669,27651,27992,28187,28944,30303,30975,31349,30957,30353,28306,26310
2026/5/31,22783.95833,22907,21772,20882,20356,19956,19777,19677,21213,22010,22344,22206,22155,21510,20598,20660,20312,21682,24455,26994,28195,28213,27836,26620,24485
2026/5/30,22890.54167,23820,23097,22110,21680,21593,21854,22136,23273,23582,22569,21743,21047,20906,20578,21127,20626,21779,23885,25468,25708,26197,26005,24818,23772
2026/5/29,25130.66667,23393,22368,21615,21099,21171,22243,23319,25768,27433,28027,27202,26177,26918,27211,27309,26535,24926,24491,25473,26222,26916,26889,25755,24676
2026/5/28,24605.20833,23582,22498,21800,21124,21424,22260,23258,25196,26381,26596,26593,27198,26298,26022,25766,24729,23917,23926,24701,25439,26395,26230,25305,23887
2026/5/27,24913.5,23220,22350,21546,21321,21393,22366,23553,25389,27421,27429,27408,26907,25841,26015,25680,25509,25033,24719,25253,26321,26888,26564,25393,24405
2026/5/26,24499.29167,22745,21746,20877,20618,20926,21650,22870,25009,26355,26784,26025,25517,25921,25360,25594,25468,25182,25314,25459,25957,26557,26397,25246,24406
2026/5/25,23331.125,22498,21459,20703,20395,20148,20175,20367,22230,24237,24897,24616,24194,24080,23882,22891,22754,22684,24424,25717,26168,26707,26323,24903,23495
2026/5/24,23045.54167,23428,22200,21607,20868,20347,20585,20286,22098,24554,24600,24547,23842,23518,23020,21589,21138,21563,23417,24798,25569,25925,25705,24547,23342
2026/5/23,24012.75,24821,23644,22384,21763,21341,21419,21707,23542,24495,24871,24749,23328,23195,23993,23739,23813,23595,24679,25932,26543,26876,26631,25279,23967
2026/5/22,26692.75,25587,24074,23022,22661,22593,23333,24473,26881,29253,29870,29376,27895,26937,25997,26745,26640,27517,28607,29308,29299,29139,28589,27168,25662
2026/5/21,27647.875,25343,23965,22715,22305,22278,23017,24034,26067,27400,27965,28021,27822,28481,29358,30276,31152,31764,31433,31700,31643,31208,30662,28571,26369
2026/5/20,27313.75,24719,23434,22435,22358,22103,22736,23609,25094,27104,28362,28130,27751,27723,28405,29180,29949,30365,30877,31703,31906,31736,30704,28711,26436
2026/5/19,26259.33333,23740,22468,21630,21288,21598,22416,23770,25430,26903,27823,28001,27293,26717,26541,26533,27141,27416,28704,30004,30702,30723,29741,27892,25750
2026/5/18,24211.625,21882,21030,20461,20163,20448,21292,22390,23977,24986,24991,24188,23582,24208,24365,24547,24437,24828,25828,27266,28482,28605,27922,26470,24731
2026/5/17,21584.66667,22545,21621,20711,20315,19990,20094,19937,21407,21824,21257,21703,20555,21474,20276,20175,19501,19614,21422,23038,24333,25064,24888,23790,22498
2026/5/16,23238.29167,24127,22866,21902,21647,21363,21668,22139,23583,23554,22680,22167,21565,22547,23553,24392,23305,22742,23789,24362,24905,25591,25564,24436,23272
2026/5/15,25977.70833,24538,23231,22331,21873,21971,22897,24567,26955,28742,28923,28183,28020,27557,26680,25781,26226,26182,26652,27563,27808,28211,27608,26223,24743
2026/5/14,25633.33333,23934,22713,21886,21587,21872,22714,23903,26906,29210,27512,26887,26131,25595,24724,23987,25052,26752,28024,28265,28633,28910,28319,26692,24992
2026/5/13,25313.41667,24106,23042,22141,21773,21736,22666,24071,26127,27298,27437,26140,25412,26240,26100,26000,24767,24735,25781,27061,27869,28254,27768,26218,24780
2026/5/12,26628.95833,25315,23867,23039,22463,22514,23029,24325,26628,29711,30966,30892,30100,28195,26580,26091,25413,25949,27443,28265,28891,29040,28468,26910,25001
2026/5/11,27146.04167,22972,21813,21077,20659,20739,21912,23133,26185,28973,29312,29485,28512,27861,27511,27553,28172,29723,31505,32834,32825,32260,31004,28813,26672
2026/5/10,23386.5,23008,22011,20905,20429,20063,20043,20382,22671,25348,24912,24211,22568,22168,21533,21064,21658,22984,25442,26936,27755,27969,27505,25824,23887
2026/5/9,23730.25,23751,22671,21649,20997,20892,21051,21854,23920,25402,24964,23731,22517,22373,22662,23349,22445,23384,25158,26578,27225,27258,26558,25316,23821
2026/5/8,25363.70833,23877,23016,22116,21750,21609,22463,23636,26709,28955,29395,26976,24754,25308,25123,25182,24595,25208,26218,27476,28032,28032,27488,26221,24590
2026/5/7,25027.04167,22986,22073,21056,20810,21029,22235,23499,25113,26501,27127,25553,24824,24394,24353,25571,26434,26880,26893,27571,28303,28448,27824,26489,24683
2026/5/6,24195.25,22478,21495,20727,20448,20755,21968,23527,26803,27344,26162,24506,23799,24057,24953,24373,23700,23585,25120,26171,26587,27029,26511,25002,23586
2026/5/5,24734.79167,22300,21359,20809,20450,20634,21632,23202,25984,28079,28347,27647,27357,26876,27090,26790,25888,25236,24651,24461,25376,26105,25664,24543,23155
2026/5/4,24501.41667,21871,20770,20380,20681,20419,21540,22920,23782,24538,26525,27989,28829,28937,28104,26931,25472,24613,24345,24919,25529,26029,25662,24243,23006
2026/5/3,22191.33333,22211,21349,20654,20113,19943,19759,19885,20867,21630,23137,23393,23260,23583,23573,23932,22723,21699,21578,22448,23700,24301,23999,23029,21826
2026/5/2,23185.41667,23119,22009,21106,20360,20254,20728,21059,22581,25201,26603,27074,25316,24010,23411,21922,21500,21312,22776,23921,25106,25388,24998,23972,22724
2026/5/1,24521.79167,22981,22054,21111,20669,20889,22010,23290,25559,26972,27165,26742,26002,24895,25387,24690,23810,24252,24911,26341,26699,27021,26473,24991,23609
2026/4/30,23722.58333,22579,21418,20857,20304,20665,21625,22675,24322,24578,23539,23332,23542,23877,23939,24003,23411,24764,25300,25503,26606,26997,26613,25348,23545
2026/4/29,23182.83333,21985,20964,20188,20109,20291,21448,22695,23930,23861,23681,23277,22846,23698,23255,23353,23190,22714,24045,24698,25845,26551,26103,24635,23026
2026/4/28,22569.33333,21991,20767,20180,19996,20275,21369,22684,24257,24030,23099,22678,22524,22510,21846,21195,20598,20722,22841,24208,25363,25836,25574,24406,22715
2026/4/27,22361.16667,20988,20189,19744,19430,19624,20883,22489,24406,24171,23659,23544,22505,21792,22344,22187,21795,20982,21871,23332,24648,25391,24833,23591,22270
2026/4/26,21370.75,21210,20212,19513,19164,19073,19092,19217,20621,21438,22490,22061,21856,22579,22351,22369,21737,21270,21277,21745,23019,23672,23364,22271,21297
2026/4/25,22629.91667,22316,21425,20517,20050,19806,20080,20707,20898,22386,23357,23457,24270,24932,25804,24675,24087,23603,22594,22762,23886,23931,23523,22515,21537
2026/4/24,23266.58333,22531,21478,20686,20375,20499,21457,22763,24187,24957,24488,23574,23877,23610,23395,23381,22822,22949,23698,24515,25313,25549,25294,24134,22866
2026/4/23,23097.83333,22460,21432,20921,20957,20877,21924,23342,24603,24900,24702,24241,22578,21779,21215,21363,21717,21390,23385,24930,26084,26349,25800,24511,22888
2026/4/22,23492.04167,22375,21297,20841,20721,20853,21913,23689,25151,25682,24913,24638,24307,23937,23914,23519,23107,21999,22967,24170,25352,25754,25295,24423,22992
2026/4/21,24560.66667,22729,21908,21231,20926,21085,21737,23159,24991,26074,26028,26977,26953,27244,27585,27449,25785,25010,24140,24347,25394,25893,25454,24341,23016
2026/4/20,24157.29167,21596,20787,20070,19777,19992,21122,22492,23741,25175,25543,25351,25151,25702,25764,25386,25520,25938,26052,26100,26685,26885,26307,25007,23632
2026/4/19,21592.29167,21812,20645,19844,19271,19098,19318,19635,19591,20315,20121,20609,21006,21423,21876,21512,21922,21940,22561,24478,25243,25434,24846,23606,22109
2026/4/18,21977.45833,22238,21286,20390,19975,19750,20108,20709,21073,21407,21741,21496,21876,22938,22172,21208,21154,21589,22534,23729,24823,24953,24443,23518,22349
2026/4/17,23137.375,22853,21864,20983,20467,20545,21496,22740,23623,24539,24186,22964,23122,24119,23785,23365,22282,21976,23364,24176,25289,25514,25080,24074,22891
2026/4/16,23555.375,22482,21391,20995,20520,20320,21843,23137,23781,23329,23337,23170,23257,24867,25364,25611,25033,24097,23829,24163,25789,26124,25648,24348,22894
2026/4/15,23742.79167,22384,21780,21054,20737,20969,22027,23525,24558,24873,25079,24473,23989,24898,24637,23927,23360,23126,23997,24896,26186,26272,25694,24435,22951
2026/4/14,23123.45833,22039,21559,21121,20607,20711,21580,23310,24458,25489,24458,23464,22171,21951,22390,22340,22729,22401,23989,24316,25509,25937,25449,24179,22806
2026/4/13,23637.79167,22005,20716,20583,20088,20448,21350,23027,24252,25730,26517,25488,26095,25403,24416,23966,23276,22345,23301,23875,25581,25777,25517,24612,22939
2026/4/12,22315.75,21803,20818,20242,19860,19544,19695,20512,20741,21715,23108,23672,23422,24213,23316,23947,23548,23053,22779,22877,23987,24178,24065,22781,21702
2026/4/11,23178.41667,22658,22034,21155,20813,20415,20828,21203,22344,24952,24878,24482,24512,24894,24118,23926,23149,23348,23612,24096,24439,24463,24276,23293,22394
2026/4/10,25284,23391,22323,21672,21598,21252,22140,23531,24351,26036,27124,27573,29177,29362,29468,29118,26663,25862,25568,25495,26211,25987,25621,24311,22982
2026/4/9,25658.04167,23783,22424,21910,21523,21413,22356,23738,24864,27111,28424,28804,28962,28528,28197,27430,25910,25788,25885,26688,27745,27700,26938,25623,24049
2026/4/8,25190.45833,23280,22069,21477,21248,20862,22039,23627,25134,26874,26704,26643,25899,25367,25713,25585,25701,26135,27324,28383,28701,28237,27410,25895,24264
2026/4/7,24715.70833,23080,22326,21917,21926,21532,22180,23648,25095,26184,26070,25502,24760,24666,24808,24399,24116,25326,26450,27366,27875,27657,26853,25496,23945
2026/4/6,24762.29167,21813,20717,20375,20981,20878,21472,22820,24013,24134,24848,24466,25322,26691,26261,27092,27635,27779,26774,27556,28011,27903,27253,25670,23831
2026/4/5,22082.41667,22085,21013,20097,19517,19180,19477,19702,20380,21190,21748,22412,22915,22698,22564,21539,20801,21830,23456,24736,25661,25739,25053,23836,22349
2026/4/4,22529.08333,22337,21276,20589,20109,19891,20182,20747,21720,23229,23231,22739,23209,22002,21085,21292,21311,22628,24152,25413,26072,25879,25201,23831,22573
2026/4/3,23482.375,23024,22492,22121,21534,21146,21922,23138,24071,24344,24339,24859,24685,23571,22839,22105,21613,22053,23835,25283,26223,25742,25381,24325,22932
2026/4/2,24425.75,22885,22087,21573,21703,21643,22696,23483,24744,25257,24897,24984,25098,26085,26570,26185,25458,24611,24120,24925,25927,26034,26180,25174,23899
2026/4/1,24994.04167,22741,22694,21977,21733,21078,21973,23528,24079,25029,25506,25485,26789,27438,27865,28664,27515,26870,26002,25845,26547,26383,25985,24726,23405
2026/3/31,25430.25,23084,22049,22593,22443,22315,22221,23549,24859,25581,26199,27271,28481,29345,28807,27637,26753,26513,26818,26974,26846,26384,25731,24559,23314
2026/3/30,25467.83333,22363,21804,21694,21176,20397,20993,22808,23811,24846,25947,26977,29160,30356,30770,30119,27834,26283,26756,27088,27464,27178,26561,25184,23659
2026/3/29,23006.375,21803,20545,19626,19047,18749,18785,19319,19765,20933,21497,22783,23649,23831,23771,23938,23722,25116,26250,27841,28269,27900,26596,25219,23199
2026/3/28,23414.04167,23046,21559,20858,20259,20568,20443,21066,21644,23163,24639,25750,25127,23731,23391,23000,22745,23555,25036,26655,27127,26221,25417,24204,22733
2026/3/27,25440.45833,23862,22569,21941,21588,21384,22230,23723,24538,25817,27164,27847,28446,27783,26780,26405,26580,26324,27081,28023,28227,27157,26403,25035,23664
2026/3/26,25938.58333,23684,23344,22765,22508,21599,22094,23745,24659,26149,28569,27795,27574,27332,26550,26679,25564,26712,28424,29531,29604,28675,27848,26397,24725
2026/3/25,26221.04167,23761,23050,22555,22098,21872,22300,24045,25505,27200,28029,28847,28845,28190,26985,26498,26903,27647,28943,29663,29451,28612,27781,26183,24342
2026/3/24,26482.66667,23771,23009,22411,22237,21517,22329,24115,25599,26810,28703,28384,28620,28162,28890,28007,27261,27353,29264,30234,29995,29187,28267,26606,24853
2026/3/23,26150.41667,22411,21684,21144,21150,20993,21770,23751,24953,26033,27238,27772,27962,28783,29186,29312,28267,28375,29288,29640,29833,29061,28076,26346,24582
2026/3/22,23353.58333,22897,21569,20668,20077,19609,19700,20275,20669,21521,24330,23740,24478,24417,23596,22513,22922,25081,25990,27398,27457,27132,26329,24902,23216
2026/3/21,25739.125,25988,24465,23008,22109,21697,21708,22277,22806,24011,25769,27759,28690,28504,27902,26981,27223,27422,28256,28991,28839,27582,26604,25357,23791
2026/3/20,29486.875,25563,23763,23364,23003,22827,23020,24528,25944,29623,32312,32632,31901,31491,31290,32211,33012,34545,35601,35511,34393,32862,31393,29433,27463
2026/3/19,28922.625,25158,23897,23063,22522,21960,22472,24170,25830,28553,30521,30440,30553,30786,30943,30916,32573,33803,34935,35335,34760,33456,31807,29031,26659
2026/3/18,28916.79167,24924,23462,22778,21979,22091,22682,24332,25786,28381,30572,31208,31104,31135,30878,31556,32365,33836,34755,35141,34554,33012,31535,29361,26576
2026/3/17,27720.41667,23205,22229,21364,21331,21542,21836,23454,24788,26392,29506,29907,30001,30023,29575,30376,30865,32445,33197,33498,33193,32023,30469,28088,25983
2026/3/16,25760.95833,21733,20866,20617,20354,20704,21221,22858,24322,24757,25428,26235,28014,28602,28728,28582,28606,29391,29489,30239,30326,29174,27933,26047,24037
2026/3/15,22105.58333,21931,20618,19853,19369,19083,19198,19677,20146,20820,21172,22236,22678,22510,22671,21758,21605,21790,23746,25557,26490,26080,25298,23894,22354
2026/3/14,22813.08333,22986,21662,21395,21165,20711,20713,20962,21410,22158,21965,22198,23467,24068,23743,23241,23182,22668,23446,25026,25645,25201,24615,23597,22290
2026/3/13,25458.41667,23059,22006,21248,20906,20917,21889,23542,25007,26453,27251,27918,28371,27559,27148,27451,27349,26878,26772,27996,28222,27392,26664,25251,23753
2026/3/12,25087.41667,22161,21173,20682,20280,20476,21499,23432,24914,25753,26782,26959,26546,26857,26419,26407,26626,26251,27355,28531,29115,27972,26975,25265,23668
2026/3/11,23848.70833,22034,21131,20996,20408,20381,21531,23498,25275,25787,25509,24929,24673,24332,24751,23952,23438,23342,24451,25845,26940,26378,25695,24376,22717
2026/3/10,23911.70833,22007,21683,21457,21029,20900,21234,23109,24800,25370,25437,24686,24396,24986,25918,25624,25085,24167,24084,24966,25982,25706,25063,23791,22401
2026/3/9,23562.25,21127,20412,20460,20000,20399,20845,22693,24150,24368,24712,25513,25060,25630,25060,24286,24136,23882,23568,25385,26356,25892,25226,23874,22460
2026/3/7,21934.91667,22065,21196,20862,20723,20369,20768,21302,21464,21176,21318,22593,21952,21480,21276,20991,21273,21635,23533,24755,24435,23834,23457,22583,21398
2026/3/6,23206.91667,21945,21147,20650,20426,20917,21933,23438,24137,23998,23476,23547,24214,24041,23863,23074,22144,23079,24819,25757,25365,24759,24421,23499,22317
2026/3/5,23342,21875,21002,20473,20475,20791,21829,23525,25095,25518,25158,24507,24178,23378,22593,22163,21668,22815,24914,26226,25998,25280,24895,23614,22238
2026/3/4,23701.41667,21815,20951,20773,20454,20683,21704,23208,25200,25106,25434,25072,24210,23769,23341,23547,23528,23606,25472,26921,26794,25747,25217,23967,22315
2026/3/3,23529.375,21949,21169,20672,20358,20562,21567,23125,24222,24517,25584,24347,24918,24065,23061,22812,22569,23521,25665,26837,26493,25735,25063,23588,22306
2026/3/2,24000.04167,21070,20197,19886,19719,19919,21282,22830,23896,24822,25370,25707,26367,27424,27182,26579,25597,23959,25399,26701,26214,25364,24675,23649,22193
2026/3/1,22779.25,21253,20423,19759,19227,19023,19315,19455,20852,23325,23851,24452,24951,24831,24602,23576,23655,23524,24966,26050,25614,24873,24313,23050,21762
2026/2/28,23444,22425,21404,20526,19994,19863,20181,20645,20942,22113,22888,23656,24956,25577,26727,26497,25971,25132,26412,26719,25884,25048,24282,23060,21754
2026/2/27,24677.91667,22121,20976,20385,20173,20119,21147,22537,23582,25657,26724,26110,26035,26395,26066,26427,26986,27289,28566,28238,27414,26343,25625,24492,22863
2026/2/26,24084.29167,22302,21316,21079,21295,20649,21113,22770,24345,26047,27727,26767,24982,24384,23598,23544,24357,24572,26263,27034,26478,25718,25127,23912,22644
2026/2/25,24753.70833,21812,21067,21061,20640,20767,21732,23380,24750,25147,26540,26904,27268,26966,27526,27245,27642,25041,26560,27363,26922,26016,25316,23881,22543
2026/2/24,24757.08333,21577,20909,20637,20534,20728,21913,23655,25188,26444,27176,28315,27932,27545,28157,27368,26256,25041,26173,26764,26172,25440,24735,23449,22062
2026/2/23,24437.58333,21719,21322,20886,21037,21251,22676,24655,25691,26253,26734,26721,26921,25501,25474,25304,25315,24579,25940,26799,26256,25428,24688,23387,21965
2026/2/22,22135.91667,22357,21599,21326,20723,20771,21283,21832,22918,23111,22530,22529,22221,21151,21005,20413,19712,20753,23367,24803,24572,24122,23677,22712,21775
2026/2/21,23379.66667,24326,23533,22915,22822,22762,23291,24058,24744,25817,25384,24563,23442,21849,20701,20259,20295,21260,23616,25088,25045,24716,24409,23586,22631
2026/2/20,25773.20833,23995,22961,23001,23087,23012,24771,26684,27819,28317,27651,27693,27297,26377,26836,26722,25725,23583,25563,27076,27124,26702,26586,25584,24391
2026/2/19,26379.04167,24230,22428,22247,22137,22324,23456,25319,27698,29931,30036,29266,29114,27616,27309,27367,26868,26135,27344,28695,28341,27812,27248,25799,24377
2026/2/18,25380.41667,23186,22585,22401,22086,22317,23307,25530,26431,26554,27184,27223,26922,26791,27488,25978,24632,24420,26532,27826,27412,26946,26412,25081,23886
2026/2/17,26138.125,22637,21928,21087,21114,21225,22475,24538,26340,29843,29922,29940,30447,30001,29112,27770,27398,26345,27384,28052,27557,27031,26357,24919,23893
2026/2/16,25149.95833,21487,21082,20775,20463,21322,21323,22355,23167,24692,26114,27885,30003,30568,29838,27281,26518,26623,27437,27772,27012,26365,25663,24526,23328
2026/2/15,21994.75,20746,19922,19454,18912,18912,19317,19778,19886,20524,22622,23253,24720,24999,24821,23530,22428,22092,23492,24066,23876,23344,23251,22403,21526
2026/2/14,22503.79167,21968,20954,20403,19902,19966,20614,21559,22513,24295,25804,25083,24940,24461,23098,21788,21107,21759,23351,23856,23420,23022,22754,22266,21208
2026/2/13,23354.79167,21731,21202,20325,20153,20258,21642,23571,24313,23483,23377,24002,24842,24836,24919,25849,25192,22988,24224,25343,24928,24376,23943,23000,22018
2026/2/12,23577.125,21889,21056,20687,20172,20436,21920,23974,25001,25636,26291,25570,25578,25575,24328,23048,22429,22419,24756,25556,25194,24835,24262,23251,21988
2026/2/11,24457.41667,21606,20819,20909,20606,20643,21366,23327,24653,25701,26041,26977,27817,27623,28262,27211,25591,24432,25627,26365,25877,25272,24766,23490,21997
2026/2/10,24517.04167,21815,20847,20454,19968,20613,21374,23433,24953,25661,25870,26593,27019,28107,29231,27301,25846,24956,26342,26462,26097,25563,24677,23246,21981
2026/2/9,24050.5,20351,19690,19817,19023,19735,21027,23140,24115,26596,27216,27655,27426,26784,26219,25965,25155,24632,26011,26339,25774,25037,24379,23028,22098
2026/2/8,21639.91667,20795,19972,19302,19132,18996,19439,20864,20975,22415,22938,22305,22251,22145,23032,23207,22442,22131,23029,23473,23310,22866,22453,21389,20497
2026/2/7,22269.33333,20998,20253,19617,19141,19270,19829,21193,21480,22905,23487,23225,23493,23665,24303,24454,23367,22228,23487,24162,23891,23424,22895,22225,21472
2026/2/6,23903.04167,21328,20523,20129,19860,20154,21482,23295,24257,25517,27063,27751,27369,26747,26921,25788,25206,23476,24812,25330,24820,24044,23462,22756,21583
2026/2/5,23964.29167,21898,21239,20753,20445,20891,22059,24165,25319,26419,26780,26658,26169,25848,23575,23270,23333,24338,25940,26297,25626,24896,24266,23094,21865
2026/2/4,24724.33333,21794,20978,20910,20970,20860,22062,24299,25633,26875,28063,27584,27648,26588,27007,26097,25129,25159,26724,26831,26122,25597,24823,23446,22185
2026/2/3,24521.625,21834,21051,20971,20696,20904,21849,23967,25153,26080,27432,26586,26399,26338,27156,26926,24938,24562,26335,26631,26155,25605,25037,23688,22226
2026/2/2,23905.75,20813,20226,20292,19981,19897,21393,23634,24814,25379,26378,26062,25797,25837,25990,25816,24095,23912,25579,26262,25794,25442,24762,23491,22092
2026/2/1,22396.70833,21093,20155,19513,19193,19177,19583,20434,21038,23120,24259,24363,24404,24894,24567,23060,21946,22092,24216,24830,24555,24091,23440,22400,21098
2026/1/31,23041.125,22088,21391,20508,20084,20079,20653,21565,22233,23275,25129,24687,24753,25253,25299,25073,22922,22874,24304,24798,24522,23814,23384,22724,21575
2026/1/30,24799.16667,22004,21533,20953,20851,21066,22604,24801,25992,27079,28382,27057,27036,26706,27831,27590,25298,24701,26017,26138,25489,24875,24698,23780,22699
2026/1/29,25107.91667,23066,22356,21921,22107,22151,23277,25569,26345,26131,26020,26796,26917,27337,28162,28119,26107,24565,26119,26559,25956,25592,25087,23844,22487
2026/1/28,25128,22467,21636,21162,21216,21454,22594,25014,26188,26528,27118,26642,27580,26964,27338,27339,25956,24952,26571,27329,26650,26505,25767,24734,23368
2026/1/27,25362.91667,22849,22063,21965,22383,22080,23490,25687,27202,27259,26691,26698,26969,26763,27678,27980,26298,25291,26493,26891,26565,26252,25717,24468,22978
2026/1/26,25024.16667,22596,21515,21104,20880,21151,22676,25104,26838,26786,26608,28261,28495,27661,27439,26206,24316,24444,26344,26870,26512,26113,25568,24240,22853
2026/1/25,23980.91667,22353,21566,21280,20911,20627,21182,22022,22620,24897,27086,26900,26874,26949,25510,23622,22751,23591,25580,26063,26074,25451,24970,23812,22851
2026/1/24,23442.41667,22190,21863,20961,20544,20567,20988,22008,22763,23048,23587,25009,25814,26579,26318,25142,24063,22867,24695,25038,24611,24290,24005,23249,22419
2026/1/23,24703.66667,22504,21828,21574,20997,21085,22115,24244,25701,26421,26980,26520,26405,26802,27374,27120,25871,24595,25970,26179,25740,25240,24881,23817,22925
2026/1/22,25273.75,22765,22217,22023,21929,21715,22537,24486,25988,26417,26241,27986,29108,29758,29224,26738,24916,25560,26558,26666,26249,25734,25175,23917,22663
2026/1/21,25318.83333,22599,22626,22293,22142,22140,22624,24636,26205,26531,27044,27891,28340,27959,26757,25917,25671,25849,27178,27287,26825,26182,25809,24297,22850
2026/1/20,25491.66667,21912,21429,21608,21783,21555,22582,25117,26439,27018,28583,28311,28434,27954,28508,28040,25845,25747,27204,27367,26743,26183,25510,24410,23518
2026/1/19,24179.33333,21114,20453,20090,19971,20190,21511,23191,24427,25692,26815,26576,26611,26482,26288,26184,24969,24576,26502,26369,25846,25305,24814,23635,22693
2026/1/18,22615.125,21263,20514,19988,19771,19560,19951,20786,21337,23041,24479,24801,25013,25075,25076,24404,22578,22197,24049,24344,24048,23582,23217,22375,21314
2026/1/17,23259.58333,21815,21095,20821,20108,20441,20690,21763,22477,23367,24762,25674,25921,26508,26669,26108,23416,22801,24259,24386,23975,23685,23381,22508,21600
2026/1/16,24874.625,22109,21427,21337,21262,21227,22253,24548,25937,26544,27491,27493,27202,27848,28430,28179,26170,25214,26176,25775,25176,24648,24480,23598,22467
2026/1/15,25307.625,22233,21847,21513,21718,21925,22874,25312,26558,27558,28548,27830,27883,28300,28867,27962,25374,25202,26488,26476,25955,25550,25030,23852,22528
2026/1/14,25039.33333,22487,21387,21224,21074,21211,22445,24850,26272,26747,27612,27530,27316,27337,28513,28162,25415,25197,26587,26658,26140,25476,25059,23843,22402
2026/1/13,25006,22346,21722,21598,21728,21598,22891,25354,26622,26799,28200,27063,26819,27161,28052,26875,24907,24700,26319,26552,25994,25521,24873,23852,22598
2026/1/12,25159.20833,22145,21540,21394,21206,21321,22904,25359,26782,27545,28245,27845,27419,27285,27687,27093,24187,24860,26796,26989,26488,26151,25544,24242,22794
2026/1/11,23358.25,22231,21416,20886,20706,20774,21234,22137,23040,23944,24412,24750,24439,24560,25200,25016,22051,22589,24861,25360,25319,25009,24701,23601,22362
2026/1/10,24046.58333,23495,22605,21964,21487,21614,22167,23408,23991,24979,25741,25594,25684,25929,26388,25323,22245,22950,25020,25329,25246,24795,24694,23826,22644
2026/1/9,25882.16667,23614,23013,23063,22997,23178,24035,26199,27880,28190,28406,27509,27858,27893,27514,26495,24365,25209,26959,27161,27119,26747,26481,25351,23936
2026/1/8,25324.04167,22439,21592,22206,21961,21988,22809,24910,26383,26058,25671,25544,26333,27508,27959,27527,26208,25479,27416,27636,27511,26963,26499,25278,23899
2026/1/7,24599.125,22367,21655,21540,21166,21619,22303,24336,25658,25098,24557,24878,25938,26496,27031,26150,25413,25332,26937,26946,26511,26007,25378,24181,22882
2026/1/6,24789.625,22242,21373,21166,20936,20926,21802,23907,25410,25291,26229,27233,27591,28448,27856,26429,24041,24849,26637,26629,26738,26165,25654,24321,23078
2026/1/5,25016.20833,22501,21867,21744,21799,21530,22197,23321,24701,26911,28561,27697,27565,27440,26169,25531,25041,25922,27380,27264,26750,26240,25479,24151,22628
2026/1/4,23739.08333,21952,20968,20256,20312,20585,20506,20902,21668,23815,25288,26807,26727,26769,26309,24760,23895,24373,26188,26057,25848,25417,24926,23345,22065
2026/1/3,22518.33333,21477,20699,20099,20071,20211,20205,20250,21116,21551,22651,23133,23738,24260,23712,23085,22957,23614,25161,24815,24384,24103,23752,23003,22393
2026/1/2,23222.16667,20878,20366,19904,19677,19542,19993,21175,21864,22830,23924,24948,25708,25764,26596,25699,24580,24636,25778,25416,24936,24438,23965,22988,21727
2026/1/1,22170.33333,21313,20732,20149,20056,19993,19800,20374,20197,20898,21498,22077,23417,24134,24519,24685,23223,23112,24594,24447,23843,23431,22911,21958,20727
2025/12/31,23970.33333,22599,22086,21772,22063,21965,21892,22126,23212,24296,25069,25390,25828,25823,25721,25338,25434,26002,26708,25920,24857,23803,23207,22445,21732
2025/12/30,24757.25,22580,21638,21578,21093,20957,22132,23540,24715,25887,26906,27763,27768,26473,25811,25726,25049,25959,27430,26893,26317,25858,25289,24073,22739
2025/12/29,24291.33333,21434,20618,20252,20222,20553,21634,23490,24863,25882,26223,26688,26847,26751,26622,25913,23292,24670,26546,26528,26221,25661,25212,24088,22782
2025/12/28,22917.54167,21440,20594,20072,19587,19578,19993,20912,21752,22851,23955,24287,24667,24746,24916,24630,22707,23156,25233,25224,24957,24708,24603,23348,22105
2025/12/27,22611.29167,21247,20158,19444,19236,19201,19520,20827,21361,22458,23627,24912,24980,24588,24709,24164,22119,22610,24648,24810,24570,24294,23979,23156,22053
2025/12/26,22766.79167,20665,20059,19759,19376,19016,19775,20915,21375,23124,23250,23408,23690,23895,24631,24051,23730,24623,25885,25693,25038,24739,24247,23204,22255
2025/12/25,21894.375,21472,21266,21229,20494,20345,20134,20063,20450,22783,23832,23968,22757,22851,22544,22238,21874,22331,23100,22827,22600,22240,22004,21440,20623
2025/12/24,23633.54167,23069,22678,22088,21929,21408,21220,21898,22906,23814,24566,25345,25371,25233,24842,24199,24239,25177,25611,25058,24181,23844,23155,22825,22549
2025/12/23,24999.08333,22804,22351,22098,21532,21479,22063,23167,24623,25752,26489,27732,27739,27172,26671,26212,25712,26680,27458,26898,26343,25744,25370,24405,23484
2025/12/22,24853.75,22180,21396,21382,21064,20687,21322,22870,23960,26307,28251,28209,27367,27185,27008,26298,25402,25983,27274,26869,26398,25953,25480,24312,23333
2025/12/21,23203.25,21730,20648,19940,19515,19279,19495,20491,22025,24512,25814,25953,25616,25694,25034,24201,23120,23984,25563,25318,25043,24596,24017,23143,22147
2025/12/20,23912.41667,22268,21339,20727,20036,19986,20284,21406,22784,25439,27621,27671,27752,27479,26256,25415,23465,24320,25643,25126,24685,24542,24136,23314,22204
2025/12/19,25476.95833,23105,22752,22220,22081,21870,22125,23976,25269,26657,28015,27481,28108,28983,29323,29370,26388,26202,27219,26788,26047,25644,25161,24058,22605
2025/12/18,25384.625,23056,21899,21533,21004,21309,22419,24661,25791,26754,27318,26616,27242,27604,28175,28377,26247,26933,27783,27450,26831,26260,25750,24647,23572
2025/12/17,26040.33333,22888,22035,21819,21566,21399,22782,24919,26351,28635,29752,29744,29904,29589,29247,28177,25991,26362,27972,27553,27081,26812,26273,24824,23293
2025/12/16,26474.70833,23545,22475,22153,21872,21789,23074,25268,26910,29003,29705,29852,30306,30059,29851,28380,26227,26894,28513,28347,27838,27402,26762,25415,23753
2025/12/15,26703.875,22451,21806,21793,21362,21682,22892,25006,26855,29447,30298,30551,30116,30615,30115,29854,27028,27708,28925,28816,28431,27882,27252,25702,24306
2025/12/14,24552.83333,22630,21688,21187,20632,20431,20722,21458,22338,24338,26284,27455,27457,27471,27780,27083,24730,25201,26884,26902,26661,26313,25755,24737,23131
2025/12/13,24770.75,23279,22414,21527,21134,21088,21658,22635,23786,26624,28306,28027,27354,27692,27368,25926,24039,24996,26284,26095,25784,25593,25303,24415,23171
2025/12/12,26187.83333,23205,22417,22250,21911,21676,22952,25066,26616,28845,29799,28838,28719,29028,29254,28603,26463,26991,28215,27786,27215,26832,26422,25338,24067
2025/12/11,26629.75,23455,22730,22229,21868,22031,23099,25097,27156,30000,30730,30307,29631,29165,29081,28330,27098,27586,28818,28499,28070,27515,26921,25631,24067
2025/12/10,26752.75,23188,22462,22019,21809,21768,23115,25163,27019,30322,31086,30916,29743,29940,30037,28859,27130,27741,28908,28577,28135,27625,26895,25480,24129
2025/12/9,26789.25,23013,22471,21995,21753,21853,23215,25376,26703,28988,30279,30332,30287,30291,31065,30209,27235,27728,28957,28763,28155,27632,26950,25710,23982
2025/12/8,26352.66667,22342,21883,21580,21640,21651,23187,25335,26661,28356,28900,29052,29217,29879,30167,29256,26786,27676,28706,28579,28071,27550,26785,25209,23996
2025/12/7,23971.70833,22557,21765,21152,20610,20628,20996,21659,22449,24316,25240,25005,24897,25784,26092,25977,23956,24766,26391,26510,26255,25906,25462,24100,22848
2025/12/6,24480.70833,23450,22555,21625,21213,21404,21770,22657,23477,24717,26148,26661,26237,26570,27036,26959,24370,24893,26235,25799,25517,25262,25281,24427,23274
2025/12/5,25696.625,23144,22249,21892,21533,21843,23063,25230,26461,27781,28632,28187,28109,28073,28218,27147,25035,26226,27645,27295,26810,26568,26289,25231,24058
2025/12/4,25857.04167,23180,22529,22308,22261,21956,23629,25625,26618,27549,28593,28461,28524,28247,27182,25798,24504,26523,27959,27847,28011,27250,26792,25482,23741
2025/12/3,25846.375,22990,22885,22281,21832,21905,23032,25371,26485,27443,28269,28718,28231,27638,27939,27391,25373,26523,27957,27750,27442,27168,26543,25373,23774
2025/12/2,25482.45833,22660,21914,21895,21744,21599,23042,25363,26487,28273,28290,26868,26818,26842,26994,27229,25597,26655,27592,27411,27149,26552,26166,24890,23549
2025/12/1,25551.54167,22130,22234,21499,21300,21562,22571,24649,25816,27844,28456,28759,28157,27952,27991,26892,24958,26449,27912,27777,27363,26766,26198,24786,23216
2025/11/30,23418.66667,21582,20725,20145,19730,19949,20008,20958,21853,23487,24119,25536,26612,25951,24522,23678,23329,24744,26546,26243,25983,25352,24808,23685,22503
2025/11/29,23242.33333,21720,20636,19856,19565,19613,20177,20968,21851,23829,25295,25983,25451,25451,25835,25292,22943,24224,25404,25263,24810,24318,24075,23213,22044
2025/11/28,23584.95833,20914,20250,19728,19443,19630,20476,21689,22471,24705,25738,26317,26105,26222,26563,25219,23919,24847,26130,25587,25234,24702,24359,23466,22325
2025/11/27,23054.54167,22485,21390,20514,20183,20119,20564,21306,22126,24725,25503,26837,26821,25853,25285,24483,23416,23924,23978,23177,22592,22430,22523,21950,21125
2025/11/26,25159.70833,22877,22077,21597,21116,21525,22721,23862,24798,27120,27889,27923,27779,28016,27807,26867,25215,26251,27168,26725,26097,25557,25287,24548,23011
2025/11/25,24886.08333,22120,21349,21324,20949,20970,22227,23790,24732,26158,26945,27033,26886,26718,27447,27213,25443,26140,27194,26937,26412,25861,25470,24397,23551
2025/11/24,24366.66667,21170,20595,20972,20270,20858,21856,23201,24495,26523,26094,26063,25926,25990,27071,26738,24792,25622,26860,26429,25990,25353,25120,24075,22737
2025/11/23,21864.29167,21398,20386,19622,19289,19180,19661,20197,20508,21083,21819,21689,22315,21849,23145,22884,21451,23048,24877,24766,24265,23680,23337,22676,21618
2025/11/22,22441.20833,22210,21302,20556,20034,20120,20501,21393,21826,21930,21446,22600,22901,23509,23559,22906,22486,23628,24813,24553,24287,23751,23627,22789,21862
2025/11/21,23815.25,22510,21748,21753,21771,21370,22073,23868,24766,24865,23742,23972,23313,23434,24039,23401,23528,25373,26515,26275,25829,25302,24950,24127,23042
2025/11/20,25492.875,22142,21154,20983,20689,20740,21963,23721,25752,28946,29300,29212,29500,28968,28463,27058,25965,26275,27621,27172,26761,26355,25588,24323,23178
2025/11/19,24355.375,22056,21256,20817,20439,20517,21925,23897,24926,25859,25659,26321,26361,26123,25731,25002,24382,25704,26930,26761,26279,25760,25272,23951,22601
2025/11/18,23842.95833,21437,20541,20618,20366,20116,21267,23404,24117,24117,25675,26165,25785,24743,24729,23997,23730,25023,26629,26592,26207,25765,25062,23797,22349
2025/11/17,24329,21985,21849,21051,20648,20563,21121,22568,24217,26345,26761,26345,26200,26575,25555,24836,25315,25725,27021,26773,26073,25430,24732,23662,22546
2025/11/16,22371.125,20947,19978,19373,18990,18864,19151,19535,20446,22388,23155,24935,25276,25223,24578,24337,22975,23397,24755,24547,24151,23662,23066,21972,21206
2025/11/15,22787.70833,22205,21773,21800,21824,21521,21091,21315,21690,22674,23246,23402,23224,23184,23240,23273,23556,24327,24665,24322,23817,23459,22997,22713,21587
2025/11/14,24421.91667,22572,22124,22074,21610,21114,22097,22804,24338,25244,25766,26459,26638,26853,26857,25779,25296,25213,26299,25728,25711,25308,24423,23346,22473
2025/11/13,25164.83333,21740,21087,20443,20309,20373,21273,22877,24821,28345,29877,29616,29615,28910,27840,26805,26613,26511,27239,26765,26095,25631,24972,23756,22443
2025/11/12,25310.54167,22304,21753,21477,21265,20937,21926,23499,24848,26583,27199,27649,28696,28969,28050,27123,26965,27349,28373,27543,26967,25871,25140,24082,22885
2025/11/11,25286.20833,22373,21352,20875,20476,20571,21441,22909,25568,27929,28410,28389,28244,27383,27175,27339,26795,27376,28279,27711,27197,26385,25555,24246,22891
2025/11/10,25741.70833,21357,20592,20233,20136,20307,21397,22908,25309,28705,29260,28923,28007,28164,28275,29087,29050,29413,29616,28661,27592,26876,26043,24739,23151
2025/11/9,23235.83333,21353,20581,19979,19507,19452,19579,20199,21124,23192,24664,24083,24053,24918,24995,25310,25323,26196,26943,26422,25665,25075,24223,23052,21772
2025/11/8,23584.79167,22338,21504,20703,20451,20607,20863,21719,22469,24126,25411,24900,24544,24949,25918,25554,24627,25374,26384,25795,25046,24211,23732,22838,21972
2025/11/7,25182.45833,22222,21682,21178,21178,20673,21808,23448,25193,27655,27890,27050,27032,28017,29112,29209,26972,26999,27726,27049,26120,25257,24669,23668,22572
2025/11/6,25095.83333,22148,21254,21077,20856,20762,21895,23657,25388,28443,29431,28158,26937,26817,27398,26963,25877,26341,27570,26969,26467,25766,24897,24106,23123
2025/11/5,25057.08333,21734,21032,20394,20360,20380,21573,23393,25973,28299,28204,28185,28464,28180,27898,27186,25712,26360,27295,26923,26387,25746,25218,23862,22612
2025/11/4,24837.66667,21765,20999,21036,20466,20497,21658,23612,25127,27222,27343,26950,26716,27356,27126,26331,25912,27025,28230,27831,26529,25558,24945,23573,22297
2025/11/3,24488.41667,20911,19897,20014,19531,19595,20908,22859,24464,26900,26876,26475,26538,27057,27347,27372,26226,27007,28028,27440,26416,25433,24776,23448,22204
2025/11/2,22682.54167,21295,20717,19520,19010,18918,19137,19876,21417,24540,24989,24875,24280,23256,23244,23051,23065,24918,26130,25731,24947,24285,23619,22322,21239
2025/11/1,22947.16667,22007,21181,20310,20092,19719,20149,20850,21538,23045,25291,24484,23189,22661,23219,24697,25205,24060,25007,25915,25172,24268,23758,22961,21954
2025/10/31,24944,22489,21616,20937,20767,20676,21502,23314,24692,25955,27103,27758,27633,27780,27720,28227,27807,26435,26979,27099,25939,25068,24753,23765,22642
2025/10/30,25796.25,22657,21527,21055,20976,20881,21410,23389,24738,26510,28898,29335,28784,28231,28193,28723,28959,27757,28397,28733,28055,27378,26285,24910,23329
2025/10/29,26111.08333,22466,21518,21400,21254,21426,21632,23807,25256,27257,28711,28301,28528,28164,27750,28368,28759,28681,30107,30351,29052,27906,26898,25434,23640
2025/10/28,25403.41667,21974,21463,21019,21143,20909,21340,23619,25126,26666,28516,28307,27536,27263,26831,27264,26956,27237,28367,28632,28173,27185,26170,24834,23152
2025/10/27,24830.58333,21338,20754,20640,21061,20360,20911,23020,24397,26436,29862,29302,28280,27608,26147,26321,25969,24717,26239,27402,27099,26043,25306,24124,22598
2025/10/26,22719.83333,21245,20344,19833,19313,19279,19251,20051,20612,22691,24379,24345,24847,24696,24592,24452,24006,23026,23941,25314,25241,24369,24165,23191,22093
2025/10/25,23663.625,22283,21554,20734,20351,20054,20471,21090,22049,23893,26618,26943,26639,27071,26207,25471,25481,23558,24380,25291,25119,24179,23697,22864,21930
2025/10/24,24845.33333,22021,21151,21017,20664,20608,21426,23456,24769,26012,27883,27615,26950,26344,26667,26827,26780,26095,26377,27483,27288,25909,25510,24477,22959
2025/10/23,24901.41667,22598,21908,21335,20851,20970,21877,24098,25018,26690,28330,27337,27123,26678,26801,26600,26368,25449,26257,26899,26817,25830,25211,24019,22570
2025/10/22,25447.58333,22534,21621,21665,21751,21425,21769,23882,25446,26305,27312,27555,28260,27466,28137,30080,29280,26386,26508,27177,27058,25902,25750,24442,23031
2025/10/21,25387.54167,22435,22005,21452,20981,21143,21895,23958,25107,26980,28176,27771,28305,26723,26395,26637,26834,26780,27438,28201,28180,27058,26421,25045,23381
2025/10/20,25278.70833,21879,21741,21376,21286,20538,21689,24085,25187,26588,28433,27859,27698,27066,25742,25102,25558,27132,28693,29021,28348,27213,26170,24952,23333
2025/10/19,23099.33333,22100,21106,20285,19970,19709,19807,20360,20907,23050,24301,24113,24744,24739,22925,23191,23246,23807,26007,26722,26617,25673,25006,23813,22186
2025/10/18,23388.66667,22588,21596,20865,20285,20132,20555,21350,22062,24251,25655,24632,24681,24492,24524,23484,23329,23904,25387,26207,25929,25076,24357,23528,22459
2025/10/17,24241.125,21928,20986,20666,20513,20225,21255,23491,24628,25388,26791,26998,26323,25710,25172,24640,24378,24728,26182,26784,26737,25743,25308,24126,23087
2025/10/16,24225,22317,21375,20550,20400,20645,21610,23439,24855,26172,26999,26171,26292,26312,25469,25038,24508,23464,24985,26490,26628,25899,25059,24034,22689
2025/10/15,24198.91667,22016,21375,21128,21080,20611,21090,23371,24669,25554,26766,27008,27132,26107,25880,25758,24892,23782,24316,25628,26052,25241,25040,23753,22525
2025/10/14,24856.75,22188,21468,21089,20958,21022,21821,23717,25200,26093,26206,26860,26896,27724,27979,28657,28206,26630,25251,25961,26026,25368,24798,23798,22646
2025/10/13,24796.125,21719,20975,20450,20287,20738,21233,22962,24447,26709,26654,27446,27626,27983,27895,27467,26478,26105,26111,26790,26748,26037,25228,24169,22850
2025/10/12,22811.625,22141,21229,20751,20452,20142,20051,20851,20911,22370,24204,24274,23572,22646,22698,22777,22447,23208,24902,25986,26134,25429,24687,23561,22056
2025/10/11,23948.16667,24049,22872,22044,21324,21545,21177,21911,22286,23137,24206,24497,24760,24767,24404,24745,25165,25043,25698,26364,26714,25752,25100,24247,22949
2025/10/10,26118.58333,23841,22925,22230,22216,22197,22910,24381,25298,25314,26476,27433,27362,27269,26861,27164,27586,28373,29207,29738,29303,28554,27935,27091,25182
2025/10/9,25949.41667,23406,22550,22070,21728,21917,22208,24336,25175,26281,28704,28744,28215,27035,26909,26748,26884,27011,28223,29126,29271,28221,27533,26055,24436
2025/10/8,26393.625,23668,22725,22194,22225,22382,22437,24664,25751,27541,30378,30592,29726,28382,27581,26953,27035,27407,28661,29231,28924,27951,27086,25875,24078
2025/10/7,26577.875,23573,22460,22132,21827,21341,22367,24251,25735,28236,29029,28722,28676,27872,27345,28148,28176,28936,30037,30819,30371,29008,27955,26360,24493
2025/10/6,26144.75,22518,21433,20743,20511,21282,21862,23745,25283,27682,28821,28339,28524,27756,27157,27357,27947,28728,29759,30605,30161,28889,27880,26064,24428
2025/10/5,23597.875,22521,21559,20967,20348,20209,20576,20780,21417,22619,23730,23582,24034,24037,24145,23580,23498,24476,26422,28034,28012,27113,26290,24901,23499
2025/10/4,23515.75,24024,22745,22096,21448,21090,21487,22222,22721,23639,24240,23505,23010,22832,22729,21921,22817,23800,25232,26818,26741,26052,25597,24408,23204
2025/10/3,26683.875,24725,23699,23012,23058,22741,23827,25194,26271,27917,29563,29684,29968,29625,29173,28817,27801,27356,27503,28240,27982,27308,26741,25736,24472
2025/10/2,27634.41667,25016,23914,23580,23127,22914,23611,25263,26565,28169,29921,29862,29801,29337,29872,30167,29955,29894,30093,30578,30289,29313,28779,27616,25590
2025/10/1,27923.91667,24830,23927,23834,23294,22586,23440,25153,26694,29411,31340,31119,30512,29796,29620,30012,30295,30428,30411,31129,30814,29609,28820,27380,25720
2025/9/30,27752.375,24575,23780,23379,23143,22979,23768,25757,27197,29586,30998,30168,29801,29497,29999,29956,29868,30021,30087,30473,30091,29491,28663,27260,25520
2025/9/29,27845.70833,23900,23136,22873,22568,22250,23168,25061,26965,29377,30408,30565,30380,31125,30880,30620,30971,30626,30975,30964,30650,29651,28610,27202,25372
2025/9/28,25459.08333,24199,23023,22250,21906,21549,21613,21798,22640,25655,27494,27917,28428,27182,26348,25642,25614,26828,27668,28600,28621,28093,27317,25977,24656
2025/9/27,26208.08333,25455,24078,23107,22497,22477,22525,23246,24079,26777,28219,28892,28583,27993,27991,27068,27262,27018,28011,28462,28443,28049,27370,26353,25039
2025/9/26,28320.95833,25601,24530,24284,24031,23452,24017,25666,27032,29453,31489,31780,31838,31322,30007,29505,29388,30367,30671,30912,30418,29936,29335,28148,26521
2025/9/25,29215.625,26975,25583,24417,23949,23758,24671,26376,27965,29473,31665,31485,31667,31538,31295,31947,32274,32801,33027,32387,31656,30972,30035,28650,26609
2025/9/24,31505.08333,28725,27008,25972,25666,25011,25862,27616,29214,30721,32926,33712,34553,35301,35320,35899,35823,36257,36192,35094,34601,33301,32484,30453,28411
2025/9/23,32280.54167,27439,25771,25078,24319,24108,24786,26697,28600,31331,33364,34198,34766,35114,35726,36649,38236,39078,39611,38614,37419,36391,34862,32455,30121
2025/9/22,30179.20833,25194,23891,23636,23093,22888,23773,25678,26602,28051,30661,31448,31925,32769,33174,33410,35071,36450,36855,36717,35846,34555,33116,30876,28622
2025/9/21,26785.625,25926,24553,23388,22740,22149,22069,22269,23791,26227,28245,28790,28165,27533,27488,26944,27477,28507,30502,31090,31038,30374,29408,27921,26261
2025/9/20,28280.70833,26967,25465,24305,23707,23234,23454,23771,24826,27900,29100,29297,29177,29330,28895,29642,31494,32497,33475,33081,32025,31198,30101,28764,27032
2025/9/19,30010.375,27274,25816,24850,24541,24177,25002,26620,27782,28773,30140,31231,32006,32424,32767,32580,33527,34686,35090,34605,33539,32542,31688,30290,28299
2025/9/18,30961.25,28681,27634,27006,26474,25954,26443,27906,29021,30033,31225,31951,33241,33747,34012,33797,34860,34547,34196,34052,33805,33060,32197,30560,28668
2025/9/17,33033.08333,28876,27387,26542,26042,25904,25831,27627,29330,32871,34799,35700,36123,37222,37552,38566,39535,39319,38393,37267,36584,35242,33967,32206,29909
2025/9/16,32734.20833,27214,25775,25195,24788,24060,24828,26578,28407,32352,33993,33521,33930,34333,35756,37736,39669,40883,41140,40164,38895,37569,35554,32964,30317
2025/9/15,30480.125,25007,24003,23650,23127,22537,23700,25813,27655,31099,32678,32861,32316,32065,31470,31772,33766,36088,38086,37951,36805,35672,33639,31112,28651
2025/9/14,26154.125,24954,23622,22717,22172,21735,21718,22053,23145,26157,26901,27219,26329,25075,25336,25032,26678,28643,30961,31482,31355,30720,29595,28052,26048
2025/9/13,26596.08333,25834,24579,23730,23107,22716,22755,23238,24720,27495,28214,28921,28211,27480,26977,25941,26607,27783,29285,29838,29749,29349,28518,27357,25902
2025/9/12,28246.79167,26142,24904,23814,23633,23484,24056,25674,27383,30270,30912,30732,30250,29358,29499,28851,29217,30248,31345,31559,31265,30621,29637,28359,26710
2025/9/11,28319.625,25957,25018,24332,24117,23511,24270,25874,27527,29357,30053,29417,29442,29950,29108,28928,30022,31186,31540,31476,31499,31167,30272,28791,26857
2025/9/10,29143.875,26598,25417,24837,24465,24264,25028,26715,28415,31108,31754,31943,31438,31495,30937,30944,30749,30697,31612,31843,31769,31339,30342,28796,26948
2025/9/9,29762.375,27350,26147,25401,24685,24354,24864,26677,28880,32236,32050,32287,32254,32220,30974,30427,31113,32508,33466,33027,32726,32308,31236,29472,27635
2025/9/8,30905.75,26678,25776,25256,24584,24062,24538,26213,28559,31859,33214,33981,33674,32996,32461,32748,33651,35520,36667,36233,35341,34507,33300,31167,28753
2025/9/7,28831.54167,26894,25578,24474,23660,23126,22656,23024,24664,27860,29594,30157,29720,28999,28245,29558,30628,32853,35029,35447,34851,33966,32502,30401,28071
2025/9/6,29190.33333,27728,26226,25289,24469,23886,23957,24426,25919,28401,29624,30529,30653,30279,29537,29465,30784,32613,34484,34632,34141,33307,31947,30129,28143
2025/9/5,31412.41667,28856,27298,26516,25450,24985,25668,27195,28472,31137,32504,33632,34019,33807,33658,33141,34206,36017,36959,36834,35499,34519,33165,31215,29146
2025/9/4,33469.625,29857,28452,27422,26682,26520,26533,27977,29882,33677,36255,37081,36976,36766,35418,35558,36767,38156,39597,39256,38314,37097,35399,32904,30725
2025/9/3,34685.04167,30227,28520,26935,27021,26693,26755,28155,30734,35486,36616,37255,37603,36922,37159,37725,39387,40895,42252,42062,40740,39287,37493,34641,31878
2025/9/2,34491.75,29815,28943,28352,27985,27718,27369,28425,30438,32915,33607,34874,36003,35986,36470,38463,40212,40732,42241,42426,40909,39348,37587,34796,32188
2025/9/1,32553.83333,28580,26947,25676,24566,23960,24015,24643,26769,30966,32524,32907,33976,33761,34348,35275,37728,39640,41270,41573,40542,38831,37016,34119,31660
2025/8/31,31275.625,28834,26915,25669,24486,23612,23450,23740,26085,30418,31691,32205,32040,31433,31789,33405,35634,37135,39100,39642,38184,36744,34984,32996,30424
2025/8/30,31077.79167,28711,27158,25651,24688,24100,23870,24267,26360,30880,32220,32181,31525,31057,31391,32080,34100,36338,38295,39023,37720,36413,34790,32694,30355
2025/8/29,32014.83333,27951,26749,25812,25558,25161,25574,27007,28950,32356,34485,34455,34082,33859,33905,34309,35253,36863,38421,38226,36921,35720,34270,32264,30205
2025/8/28,31258.20833,28636,27496,27015,26410,26069,26286,27964,29393,31111,31796,32734,33540,33665,32377,32181,33058,34253,34896,35864,35636,34970,33931,31635,29281
2025/8/27,32560.875,28753,27397,26155,25394,24910,25741,27277,29191,33443,34845,35023,34846,34339,34347,35630,36966,37947,38453,38972,37749,36387,34860,32684,30152
2025/8/26,32571.16667,29401,27950,27088,26772,26419,26567,27664,29173,32824,35180,35748,34897,33972,33631,33517,34726,36566,38238,38790,37443,36621,35347,32804,30370
2025/8/25,33472.58333,28996,27865,27316,27057,26676,27074,27984,30027,34145,34884,35032,35155,35018,35412,36244,37343,38645,40046,40191,39056,37990,36433,33570,31183
2025/8/24,31549.70833,29222,27738,26399,25669,25439,25297,25214,26777,30455,32354,32459,32542,31907,31576,32769,34917,36155,38056,38933,37821,36951,35251,32907,30385
2025/8/23,32332.16667,31186,29481,27699,27047,26435,26687,26436,29981,32620,32517,32725,32206,32341,33448,34115,35719,37303,38165,37741,36710,36426,35103,32973,30908
2025/8/22,35297.29167,31237,29783,29079,27875,27295,27482,28969,31924,34136,36602,37022,36641,36491,37584,38567,40942,42310,43271,42275,40892,39668,38113,35798,33179
2025/8/21,34993.41667,29371,28063,27145,26355,25606,26201,27630,30674,34841,36217,36351,35670,35939,36921,39001,41217,42591,43919,43921,42314,41092,39115,36384,33304
2025/8/20,32755.5,28093,26842,25862,25649,25182,25427,26943,29356,32352,34057,33872,33782,33302,33333,34757,37068,39106,40622,40948,39457,38510,36568,33831,31213
2025/8/19,30833.58333,26685,25525,24656,24443,24094,24457,25873,27573,30620,32913,32866,32874,32117,31712,32092,33616,35198,36751,37774,36526,35725,34445,32041,29430
2025/8/18,29089.04167,25322,24454,23587,22883,22657,23314,24580,26669,30049,30302,30465,30928,30005,29553,29851,31172,32945,34371,35349,34598,33980,32536,30434,28133
2025/8/17,26782.875,25830,24595,23687,23116,22613,22366,22381,23752,26074,26219,26422,26820,26459,26763,26263,27268,29274,31364,32105,31721,31550,30666,28785,26696
2025/8/16,27799.70833,27023,25861,24657,23839,23510,23581,23754,25333,28238,29838,29733,28670,27570,27628,27780,28274,29779,31039,31894,31510,31271,30419,28871,27121
2025/8/15,29992.66667,27308,26103,25291,24654,24226,24963,26324,27891,30506,32095,32234,31746,31518,31386,31180,31869,33581,34328,34761,33831,33194,32110,30251,28474
2025/8/14,30647.83333,27769,26444,25323,24705,24653,25321,26736,29041,32318,33600,33080,32363,31600,31074,31700,33190,34355,35381,35405,34631,34152,33086,30930,28691
2025/8/13,31384.125,28328,26854,25825,25228,25035,25507,26945,29735,32577,34160,34020,33586,33253,31876,32390,33867,35581,36862,36816,35625,34917,33694,31455,29083
2025/8/12,31755.70833,28472,27138,26044,25671,25192,25595,27061,29379,32574,34072,33826,33661,32943,33030,32952,34284,35953,37185,37868,36663,35861,34522,32251,29940
2025/8/11,32198.41667,27750,26253,25232,24911,24554,25196,26459,29304,33026,34162,33978,34175,33923,34210,34925,36209,37671,38665,38946,37813,36795,35489,32835,30281
2025/8/10,29875.20833,28109,26491,25261,24405,23761,23434,23376,25220,28363,29669,29376,29224,30295,30642,31548,33337,34237,36403,37095,36160,35422,34126,31659,29392
2025/8/9,30987.04167,29749,27953,26374,25460,24797,24591,24858,27365,29734,31476,32147,31877,32207,31820,32248,33416,35185,36872,37605,36497,35615,34034,31965,29844
2025/8/8,33491.625,29480,27983,26765,26133,25691,26026,27136,30154,33718,35008,35865,35708,35344,35680,35949,37425,39010,40147,40685,39363,38080,36555,34298,31596
2025/8/7,33642.95833,29098,27595,26334,25941,25504,25911,26888,29261,34096,35531,35702,36086,35349,35589,36614,38355,39681,40854,41305,39930,38685,37030,34379,31713
2025/8/6,32115.70833,27325,25854,24898,24856,24653,25027,26049,28713,32466,33702,33794,33388,33170,33238,33727,35603,37397,39115,39928,38797,37784,36274,33792,31227
2025/8/5,29812.875,26625,25202,24301,23843,23655,24254,25276,27471,30830,32332,31427,31268,30614,29538,30267,31691,33178,35000,35668,34953,34430,33417,31329,28940
2025/8/4,29390.41667,25703,24485,23757,23454,23080,23659,24928,28130,30852,31066,31383,30835,30768,31272,30399,31136,32411,34214,34875,34066,33592,32639,30509,28157
2025/8/3,26946.04167,25987,24676,23570,22781,22430,22129,22036,24825,27611,27216,26862,26531,25799,25007,25304,27612,29263,31652,32859,32746,32223,31140,29337,27109
2025/8/2,27969.58333,26932,25494,24516,23593,23232,23189,23600,26166,28342,28335,28387,27998,27641,27482,27581,28836,30999,32370,33169,32786,32313,31378,29574,27357
2025/8/1,29616.875,27388,25985,24633,24088,23777,24538,25552,27444,30372,31355,30197,30252,30134,30741,30897,32270,33453,34129,34690,34039,33450,32440,30512,28469
2025/7/31,29638.16667,27112,25584,24406,23714,23308,23761,24705,27327,30338,30980,30511,30117,30289,30231,31088,32208,33383,34334,35272,35150,34400,33314,30968,28816
2025/7/30,29677.58333,26884,25506,24629,23941,23607,24228,25516,27806,30631,31389,31794,31496,30825,30008,30649,31569,32749,34013,34971,34463,33770,32865,30589,28364
2025/7/29,29533.75,26581,25035,24010,23648,23693,24393,25461,28157,30621,31980,31691,30901,30359,30239,30187,31324,32542,34003,34811,34159,33226,32621,30696,28472
2025/7/28,28395.5,24664,23380,23288,22995,22705,23286,24753,27429,29367,29455,29951,29739,29196,28806,28777,29618,30621,32906,33790,33799,32914,32067,30077,27909
2025/7/27,25011.125,24366,23094,22186,21766,21444,21442,21273,23234,25387,24268,25139,25199,24843,24071,23818,24481,25785,27791,29413,29695,29515,28967,27353,25737
2025/7/26,25458.875,25448,24176,23165,22731,22472,22654,22658,24494,26282,25876,26198,26171,25705,25016,24639,25123,26081,27051,27877,28396,28396,28081,26931,25392
2025/7/25,27636.58333,26228,24844,23812,23242,23355,23943,25078,27625,29751,30116,30542,29493,28929,27888,27883,27909,28559,29540,30216,30295,30012,29488,28096,26434
2025/7/24,28459.33333,26069,24800,23924,23393,23342,23961,25265,27578,30102,30937,30948,30521,30053,28869,28757,28789,29772,31877,32320,32170,31698,31095,29418,27366
2025/7/23,28303.45833,25813,24510,23751,23351,23450,24150,25441,28047,30746,30031,29052,29484,29098,29107,28513,28891,30209,31398,32180,31948,31616,31378,29544,27575
2025/7/22,28093.66667,26170,24821,23750,23295,23457,24252,25331,27743,29953,30384,29976,29308,29816,29262,29423,29136,29647,30031,30805,30905,30741,30251,28870,26921
2025/7/21,28123.58333,25342,23982,23051,22671,22801,24032,25052,27773,30091,31174,31237,30710,30226,29839,28182,28419,29466,30025,31460,31322,31214,30663,29092,27142
2025/7/20,26598.83333,26025,24746,23754,23083,22544,22375,22391,24725,26977,28143,27627,27258,26718,25826,26087,26298,27405,29384,30836,31096,30657,29955,28112,26350
2025/7/19,27856.875,27207,25808,24625,23996,23498,23499,23751,26654,29421,30346,29998,29619,28047,27008,26788,27685,28606,30320,31783,31781,31280,30596,28991,27258
2025/7/18,29509.45833,27818,25847,24816,24222,24292,24865,25590,28054,29995,30917,31710,31700,31386,31424,30720,31061,31677,32427,33079,33018,32645,31958,30454,28552
2025/7/17,29452.66667,26788,25609,24588,24366,24089,24668,25769,26904,28198,29979,31377,31423,31102,30908,31574,31183,31779,32948,33841,33686,33241,32733,30777,29334
2025/7/16,29085.5,27284,25908,24869,24454,24467,24865,25652,27002,28392,29711,29729,30056,29991,30421,30348,30804,31505,32355,33519,33214,32735,32160,30319,28292
2025/7/15,30089.04167,28062,26729,25548,25252,24894,25751,26354,28441,31275,31744,31907,31432,31182,31108,30659,31279,32186,33324,34560,34309,33788,32882,30805,28666
2025/7/14,30703.375,27066,25478,24499,24191,24164,24627,26149,28740,30627,32093,31960,32074,31699,32142,32866,33569,34934,36260,36786,36094,35274,34176,31932,29481
2025/7/13,27976.95833,27170,25480,24386,23697,23238,23143,23067,25209,27513,28190,27930,27669,26635,26274,26998,28665,30295,32339,34045,34224,33482,32480,30539,28779
2025/7/12,29100.66667,28849,27006,25616,24766,24398,24261,24624,26881,28865,29587,29251,29278,28906,28468,29009,29840,31363,33213,34417,34544,33569,32456,30713,28536
2025/7/11,31576.54167,29242,27421,25995,25158,24965,25471,26409,29580,32347,32725,31986,31718,32161,32472,32878,34622,36114,37830,37921,36970,35924,34809,32657,30462
2025/7/10,31812.54167,28259,26677,25421,25117,24670,24756,26094,30419,32306,32643,31520,31421,31555,31940,32817,34398,36419,38496,39675,39228,38036,36606,33898,31130
2025/7/9,30470.75,27671,26254,25094,24567,24469,24914,26097,30021,31453,31436,30088,30019,30357,29700,30664,32126,33920,35620,37025,36836,35849,34803,32406,29909
2025/7/8,29616.33333,26614,25358,24349,23853,24013,24449,25517,28255,30549,31005,30794,31109,29934,29477,29466,30708,32325,33926,35395,35262,34495,33580,31361,28998
2025/7/7,28791.08333,25291,24344,23836,23345,23290,23670,25107,27742,30069,30410,30243,29014,28744,29131,29170,30347,31443,33136,34415,34183,33362,32390,30122,28182
2025/7/6,25994,24810,23381,22530,21779,21566,21284,21755,23674,24962,25234,25503,25127,25029,24453,25168,26781,28621,30319,31914,32227,31522,30704,28752,26761
2025/7/5,25948.70833,25003,23768,22773,22080,21947,21787,22358,24193,25650,25449,25383,25257,25553,25685,25602,26372,27418,29810,30929,31055,30420,29755,28038,26484
2025/7/4,26139.45833,26322,24912,23775,22831,22656,22603,23104,25511,27273,27267,26015,26124,25571,25684,25444,26146,27078,28746,29674,29562,29092,28336,27437,26184
2025/7/3,28483.54167,27161,25626,24603,23891,23744,24441,25380,27679,29592,29919,30159,30128,29086,28605,28125,29093,30248,31812,32699,32095,31517,30837,29380,27785
2025/7/2,28924,27333,26125,25350,24589,24448,24433,25083,26945,29127,28602,28306,28904,28994,28940,29531,30200,31123,33247,34135,33867,33316,32445,30592,28541
2025/7/1,29112.70833,27206,25411,24401,23603,23655,24289,25225,27414,29359,29060,28693,28145,27566,27980,29280,31282,32879,34913,35612,35024,34282,33384,31193,28849
2025/6/30,29542.91667,26139,25218,23964,23009,22807,23454,25026,28195,30125,30394,30236,29630,29720,30009,30421,31757,33569,35094,36056,35810,34786,33504,31309,28798
2025/6/29,27506.41667,26442,24786,23563,22751,22111,21881,22267,25210,27031,27143,26767,26623,26386,26885,28041,28438,30200,32813,34120,33971,33082,32015,29988,27640
2025/6/28,28258.33333,26793,25130,23848,22980,22621,22641,23532,26222,27732,27897,27546,28019,27371,28038,28758,30360,31843,33408,34461,34514,33628,32415,30315,28128
2025/6/27,29018.79167,26112,24730,23602,22947,22952,23664,24594,27393,30003,30590,30157,30144,29778,29531,29780,31142,32095,33385,34545,34360,33598,32594,30419,28336
2025/6/26,28204.66667,26062,24810,23663,22982,22975,23636,24744,28291,29519,29902,29015,28950,28083,28651,28360,29107,30012,31383,32617,32833,32318,31613,29820,27566
2025/6/25,27560.25,25047,24110,23051,22520,22514,23268,24427,26951,29443,29682,28797,28721,27471,26967,26704,27806,29425,30945,31687,32133,31800,31229,29443,27305
2025/6/24,26543.875,24731,23733,22772,22135,22340,23236,24213,26314,28815,28711,28706,27903,26759,26602,26264,26093,26865,28243,29521,29553,29610,29670,28057,26207
2025/6/23,26364.66667,23385,22427,21484,21115,21426,22466,23420,25563,27608,28398,28086,27545,27137,27305,27016,27615,28044,29263,29919,30132,30067,29502,27800,26029
2025/6/22,23181.45833,23445,22583,21534,20825,20529,20370,20173,22066,23553,23500,22326,21715,21512,20973,20937,21270,22905,25424,26885,27556,27843,27750,26219,24462
2025/6/21,23474.79167,24703,23703,22423,21881,21821,21972,22494,24399,24822,24375,23455,23463,22641,21499,20758,21126,21682,23409,24973,25620,26261,26237,25582,24096
2025/6/20,26106.79167,25596,24432,23254,22493,22442,23222,24252,26806,29275,28931,27794,27230,25372,24857,24426,25058,26181,27765,28491,28585,28675,28358,27088,25980
2025/6/19,27919.5,27360,25905,24428,23421,23260,23682,24920,28393,29726,29009,28248,28077,27747,28120,28392,28854,29461,30553,31765,31351,31016,30478,28752,27150
2025/6/18,30095.125,26962,25527,24716,24104,23975,24309,25884,29526,31049,30565,29985,29591,29949,30362,30768,32517,34201,35825,36296,36039,35008,33986,31820,29319
2025/6/17,29342.20833,26402,25048,23823,23313,23269,23935,25212,28915,30981,30876,29977,29131,28651,29397,30403,31792,32785,34420,35003,34678,33819,32880,30941,28562
2025/6/16,28586.75,24968,23552,22662,21934,22034,22854,24350,27413,28799,29564,29541,29061,28852,29048,29966,30799,32159,33442,34702,34738,33823,32873,30681,28267
2025/6/15,25563.66667,24679,23291,22240,21489,21027,20940,21290,23651,24030,23842,23651,23290,23689,24112,24865,26706,28666,30354,31962,32353,31647,30759,28674,26321
2025/6/14,25274.54167,25167,23874,22839,22094,21810,21884,22159,24463,26209,25499,24624,23609,23008,23341,24044,25646,26429,27826,29416,29972,29914,29430,27598,25734
2025/6/13,26728.91667,25560,24181,23152,22408,22429,23130,24185,26476,28194,27982,27565,27935,27094,26608,26534,27139,28314,28979,29801,30051,29900,29471,28068,26338
2025/6/12,27037.125,25540,24347,23292,22982,22891,23659,24617,27784,28779,29044,28403,27793,27147,26394,26475,27273,28035,29083,30087,30362,30334,29765,28301,26504
2025/6/11,27420.91667,25899,24717,23453,23011,23173,23841,25280,28062,29383,29658,28502,27613,27356,27221,26781,27438,28395,29510,30786,31204,30943,30355,28542,26979
2025/6/10,27906.125,25692,24455,23225,22788,22875,23490,24855,27793,29763,29964,29006,28096,27717,28067,28348,28858,29756,30945,32056,32305,31966,31101,29191,27435
2025/6/9,27437.91667,24249,23112,22190,21808,21932,22722,24731,28419,30299,30150,29151,27862,27246,27319,27806,28254,28807,30280,31580,31984,31711,30952,28923,27023
2025/6/8,24621.20833,24586,23479,22375,21715,21373,21079,21554,24246,25075,23990,23907,24088,23389,23385,23244,24304,25269,27106,28306,28966,29140,28543,26757,25033
2025/6/7,25486.20833,25443,24436,23396,22436,22258,22300,22871,26135,27389,27643,26977,25647,25011,24231,24037,23515,24560,26536,27938,28690,28761,28356,27104,25999
2025/6/6,27113.91667,25237,24198,23177,22639,22735,23545,24984,27789,29191,30071,29283,28127,28045,27112,26387,27228,28139,28927,29695,29915,29930,29412,28190,26778
2025/6/5,27316.20833,25449,24370,23452,22911,22930,23788,25439,29065,30882,30910,30215,28324,27815,26445,26548,27195,27769,28882,29377,29950,29901,29490,28135,26347
2025/6/4,27347.66667,25065,24068,23177,22711,22739,23402,24649,27759,29191,30137,29930,29375,28468,27868,27300,27207,28221,29580,30186,30310,30559,29724,28102,26616
2025/6/3,26915.5,25242,24298,23473,23026,23000,23655,24829,26774,28418,29277,29552,28749,27048,26203,26885,27554,28375,29300,29039,29101,29440,29177,27528,26029
2025/6/2,26925.29167,24056,23094,22172,21948,21865,22743,24053,25766,26054,26778,27086,27562,28544,28255,29185,29175,29430,30220,31087,30981,30894,30171,28335,26753
2025/6/1,26036.08333,26969,25572,24395,23239,22644,22373,22381,23118,24457,25154,25181,26112,26011,25888,26699,26666,27588,28885,29987,29979,29941,29099,27193,25335
2025/5/31,28839.875,27872,26337,25036,24626,24008,23674,23731,25669,27168,27812,28299,28693,28739,29978,30543,30980,32136,33195,34236,34294,33680,32589,30446,28416
2025/5/30,29343.5,25502,24137,23049,22604,22923,24021,25484,28287,29392,29494,28875,28211,28753,29611,30450,32448,34212,35512,36275,35673,34740,33670,31658,29263
2025/5/29,26398.75,24341,23386,22433,22002,22091,23005,24324,26854,27426,27111,26768,26286,26002,25480,26660,26652,27931,28944,29801,30396,30794,30137,28406,26340
2025/5/28,25759.33333,24545,23310,22535,22070,22232,23057,24423,26668,28271,27945,27182,26491,25806,25814,24661,24989,25871,27088,27766,28340,28801,28370,26819,25170
2025/5/27,24863,22856,21679,21112,20941,20956,21735,22968,25044,26257,26115,24968,23853,23906,23552,23704,24237,25960,27388,28678,29284,29672,29119,27271,25457
2025/5/26,22792.54167,22174,21235,20421,20010,19851,20074,20731,23453,24086,23930,23011,21265,20557,21001,21197,21667,22971,24424,25275,26478,27211,26907,25465,23627
2025/5/25,21926.41667,22858,21832,21120,20603,20461,20394,20316,22083,22658,22380,21034,19737,19612,19690,19743,20163,21649,22966,24404,24935,25506,25278,24110,22702
2025/5/24,22932.58333,24112,23091,22180,21617,21377,21584,21655,22133,23367,22796,22576,21903,21344,21722,21129,21608,22357,23516,24363,25555,26112,25984,24806,23495
2025/5/23,25263.375,24891,23564,22766,22269,22392,23162,24309,25982,26247,25439,26659,24940,24971,24520,24451,24628,25544,26498,27252,27844,28159,27951,26684,25199
2025/5/22,26776.08333,25444,24001,23149,22577,22554,23463,24344,26062,26912,27242,27199,26901,27275,27302,26884,28146,28875,30144,29996,30090,30108,29731,27833,26394
2025/5/21,27341.91667,25340,24203,23246,22482,22498,23329,24214,26524,27645,27889,27012,26666,27061,27594,28036,28449,30307,31390,31921,32022,31851,30963,28858,26706
2025/5/20,26804.875,24491,23525,22567,22217,22249,23281,24256,27374,28094,27844,27849,26794,26321,26238,26336,27065,28415,30059,30736,31163,31151,30452,28486,26354
2025/5/19,25102.29167,21559,20931,20126,19878,20473,21638,22993,25585,26718,26558,25914,25459,24776,24760,25204,25670,26338,28151,29162,29482,29654,28989,27075,25362
2025/5/18,21403.29167,21853,21014,20214,19799,19618,20243,20559,21781,22127,21857,21369,19991,19288,19491,18870,18934,19735,21508,23485,24799,25521,25333,23979,22311
2025/5/17,22582.04167,23750,22724,21710,21149,20885,21258,21635,22278,21956,22432,22647,22430,22423,22710,22383,22017,22043,22916,23030,24267,24703,24437,23579,22607
2025/5/16,24813,23911,22898,22015,21700,21468,22357,23466,25296,26979,26443,25747,25104,25022,24797,23856,24397,24857,26173,26451,27427,27624,27135,25744,24645
2025/5/15,24413.33333,23476,22557,21680,21193,21459,22357,23757,25240,26140,25776,25177,24065,23516,22871,22804,23789,24357,25655,26603,27465,28015,27451,26071,24446
2025/5/14,23853.79167,22942,22407,21499,21103,21401,22319,23234,25005,25667,24881,24163,23347,23015,22631,21846,22369,23755,24745,25898,26593,27130,26686,25721,24134
2025/5/13,23904.5,22976,22239,21382,20992,21084,21914,23118,25063,25831,26075,25653,25117,24607,23546,23046,22656,23233,23628,24824,25747,26602,26157,24725,23493
2025/5/12,24532.83333,23064,22159,21207,21140,21169,21853,23303,25426,25722,26312,26294,27095,27014,26085,25013,23848,23699,24254,25565,26240,26808,26397,25101,24020
2025/5/11,23825.5,24652,23508,22204,21580,21286,21026,20599,21462,21728,22332,23410,22270,22059,22981,23885,24411,25476,27041,27854,28234,27678,26965,25381,23790
2025/5/10,26522.25,25404,24150,23073,22167,21610,21667,22125,24719,25844,26221,25981,25366,25125,26031,26407,27733,29351,31172,32751,32617,31711,30393,28224,26692
2025/5/9,26957.95833,24136,22948,21923,21498,21408,22309,23702,26335,27009,27389,26792,27162,27491,27703,27373,28396,29960,31512,32307,32251,31614,30412,28604,26757
2025/5/8,24722.58333,23075,22273,21386,20906,21057,22037,23427,25443,24960,25312,24546,23916,23424,23579,23876,24825,25954,26951,28331,28995,29106,28271,26653,25039
2025/5/7,23917.25,22905,22199,21283,20984,21226,22177,23753,24625,23453,24452,24728,25013,23801,23768,23436,22912,23462,24156,25564,26797,27327,26754,25387,23852
2025/5/6,24215.625,22827,22069,20987,20624,20786,22074,23284,23936,23864,24074,23871,24795,24392,25364,26056,26046,25555,25456,25824,26886,27127,26636,25110,23532
2025/5/5,23909.70833,21292,20667,20515,20270,20643,21761,22883,23725,23497,24787,25890,26270,25866,24819,23364,22997,24251,25208,25919,26870,27193,26432,24967,23747
2025/5/4,21142.58333,21568,20971,20508,20144,19790,20075,20117,20523,20839,19921,21840,21903,20699,19212,18762,19196,19977,21615,22672,23756,24450,24255,22978,21651
2025/5/3,22441.41667,23103,22252,21279,20793,20435,20898,21242,22689,23516,23559,23343,23607,22752,22819,22872,22305,20767,21807,22255,23530,24145,23752,22839,22035
2025/5/2,24032.25,22806,21870,21366,21111,21167,22201,23547,24975,25651,25828,25074,24926,24834,24475,23333,22266,22948,23912,25232,26528,26921,26426,25321,24056
2025/5/1,23935.75,22711,21900,21241,20729,21123,21893,23129,24927,25353,25323,25606,25943,24798,23706,21896,22380,22909,24178,25587,26624,26977,26499,25218,23808
2025/4/30,23779.66667,22578,21850,21355,20796,20985,21867,23388,24880,25253,24840,24815,23549,23589,23627,22507,22961,23243,23987,25768,26858,27296,26494,24859,23367
2025/4/29,23349.83333,21857,21121,20556,20573,21037,22029,23501,24519,24508,24444,24044,23755,23118,23121,21692,22152,22244,23726,25169,26371,26708,26076,24813,23262
2025/4/28,22838.25,21153,20959,20153,19650,19930,21646,23336,24547,24477,23910,24634,23929,23517,22884,21631,21358,21546,22412,23672,25360,25822,25134,23907,22551
2025/4/27,21706.625,21900,21226,20532,20009,20039,20128,20297,21185,22074,21621,21483,22081,22294,22310,21532,21328,21141,21818,22264,23586,24135,23736,22749,21491
2025/4/26,22262.29167,22300,21663,20796,20142,20097,20519,21202,22805,24049,23560,23066,23841,23752,22843,21937,21998,21169,21506,21860,23196,23648,23383,22722,22241
2025/4/25,24154.66667,22864,21926,21114,21077,21175,21985,23371,24860,26329,27153,26479,26660,26189,25152,25938,25047,23435,22871,23589,24830,25365,25022,24297,22984
2025/4/24,23665.83333,22555,21767,21279,20869,21064,22169,23559,25162,26035,25822,25418,24499,23662,23038,22565,22333,23361,23523,24689,25574,25894,25410,24426,23307
2025/4/23,23692,22353,21683,21462,20806,21065,22271,23569,25116,26125,25705,25609,24696,23674,23700,22882,21688,22035,23255,24848,26458,26556,25766,24388,22898
2025/4/22,23136.45833,22242,21385,20710,20278,20755,21768,22890,24286,23973,23293,22246,21856,21382,22390,22424,23086,23688,24010,25386,26496,26975,26132,24570,23054
2025/4/21,23036.45833,20612,20903,20092,19810,20070,21248,22054,23759,24482,23751,23363,22616,22477,22812,22415,22067,22509,23996,25733,26878,27037,26238,24779,23174
2025/4/20,20100.79167,21058,20715,20023,19737,19499,19727,19901,21005,21615,20532,19638,18278,17169,16653,16145,16564,18115,20139,21516,23247,23757,23551,22463,21372
2025/4/19,21015.125,21980,21231,20717,20403,20158,20613,21062,21983,22664,22133,20542,19733,19206,18800,17934,18151,19109,20949,22380,23733,23861,23302,22418,21301
2025/4/18,23497.54167,22528,21743,20951,20496,20681,21751,23002,24901,26172,26561,26258,25486,24562,23716,22931,21491,21768,23834,23713,24929,25323,25103,23753,22288
2025/4/17,24353.29167,22265,21266,20627,20279,20488,21666,23135,25889,27521,28320,28028,27518,27120,26218,25452,24724,23964,23173,24205,25123,25354,25127,24182,22835
2025/4/16,24187.33333,22068,21359,20750,20685,21167,21721,23106,24858,26056,26800,27246,26958,26659,26046,24830,23866,23471,23423,24276,25768,26133,25597,24487,23166
2025/4/15,24125.75,22275,21504,20951,20514,20629,21833,23210,24703,26358,27166,26565,25902,24977,24578,24555,24004,24501,24082,25365,26157,26259,25824,24131,22975
2025/4/14,23458.54167,21223,20454,20074,19796,20111,20971,22510,23523,24692,24372,24921,24123,23899,24601,25101,23666,23412,24435,25308,26415,26403,25481,24245,23269
2025/4/13,21070.08333,21614,20786,20007,19421,19057,19396,19695,19599,21368,22239,21393,20399,19910,19131,18697,18735,19771,21302,23385,25145,25430,24454,23051,21697
2025/4/12,21961.83333,23073,21994,21162,20558,20175,20344,20536,21711,23120,22958,21576,21799,21144,20633,19974,19809,20400,22537,23809,24647,25011,24409,23403,22302
2025/4/11,24491.5,22579,21898,21630,21251,20576,21577,22733,24001,25078,25616,26049,25599,24134,25277,24979,25182,25627,26085,27085,27556,27307,26536,25384,24057
2025/4/10,23729.41667,22464,21507,20828,20280,20124,21007,22204,23618,24336,25084,24553,23326,22391,22568,22750,23576,25154,26144,26957,27799,27610,26760,24993,23473
2025/4/9,23739.29167,21985,21379,20689,20261,20338,21421,23106,24049,24650,24635,24521,24338,23310,23078,23086,23545,23850,25068,26818,27572,27272,26542,24942,23288
2025/4/8,22981.79167,21598,20894,20524,20158,20149,21357,23156,24133,24381,24733,24299,23082,21917,21981,21454,21860,22396,23409,24970,26269,26352,25636,24232,22623
2025/4/7,22918.625,20224,19755,18996,18773,19376,20894,22786,23774,24306,25064,24671,23623,23770,22888,22951,23235,23036,23509,24904,26116,26038,25242,23706,22410
2025/4/6,20452.41667,20560,19856,19336,19061,19247,19427,20074,20603,21336,20776,19785,19034,18518,18342,18543,18469,19394,21090,22382,24145,24162,23550,22260,20908
2025/4/5,20669.33333,21586,20836,20378,20000,20217,20721,21406,21615,21470,21230,20009,19199,18329,17913,17572,18354,19109,20593,22245,23626,23618,23037,21904,21097
2025/4/4,22751.45833,22370,21728,21318,21062,21731,22655,24383,25118,24659,24620,23389,22411,21343,21096,21533,21533,21419,22129,23187,24674,24539,24103,23102,21933
2025/4/3,22660.375,21584,21214,20622,20326,20717,22133,24074,24801,24266,24315,23397,23279,21520,20838,20314,20556,21330,22457,23354,25253,25524,25021,23824,23130
2025/4/2,22980.70833,22235,21357,20923,20570,21048,22247,24519,25504,24511,24013,23553,23558,22995,22809,22213,22214,21714,21564,23135,25045,25334,24634,23479,22363
2025/4/1,23504.5,21928,21102,20654,20315,20531,21852,23621,21851,25928,26037,26263,25168,23555,24095,23893,23610,22826,22813,24193,25898,25825,25348,23955,22847
